path	bytes	sha256	archive	licence	attribution	changes	source_url	inputs	generation	format
27-game-assets/meshes/BoxAnimated/glTF-Binary/BoxAnimated.glb	11944	ad0d18d9a21df0d7c2bd3890e60ce69d60d39a55d9b82bacea7e77ac9e583839	27-game-assets_meshes-attribution.zip	CC-BY-4.0	BoxAnimated by Cesium (© 2017), licensed under CC BY 4.0 (https://creativecommons.org/licenses/by/4.0/); from the Khronos glTF-Sample-Assets repository; unmodified	none (file as published)	https://raw.githubusercontent.com/KhronosGroup/glTF-Sample-Assets/main/Models/BoxAnimated/glTF-Binary/BoxAnimated.glb	file as published		glTF binary model, version 2, length 11944 bytes
27-game-assets/meshes/BoxAnimated/glTF-Embedded/BoxAnimated.gltf	19713	08a2c1f4193a1a6a6474fe61c8f69cd32dbb07ca9dfced37f0c5dd6e42987b10	27-game-assets_meshes-attribution.zip	CC-BY-4.0	BoxAnimated by Cesium (© 2017), licensed under CC BY 4.0 (https://creativecommons.org/licenses/by/4.0/); from the Khronos glTF-Sample-Assets repository; unmodified	none (file as published)	https://raw.githubusercontent.com/KhronosGroup/glTF-Sample-Assets/main/Models/BoxAnimated/glTF-Embedded/BoxAnimated.gltf	file as published		JSON text data
27-game-assets/meshes/BoxAnimated/glTF/BoxAnimated.gltf	7280	bb97bd72afb27f46a63ae458c3f194e40f7e8a09aac1f5eb4cef3293c689ab0b	27-game-assets_meshes-attribution.zip	CC-BY-4.0	BoxAnimated by Cesium (© 2017), licensed under CC BY 4.0 (https://creativecommons.org/licenses/by/4.0/); from the Khronos glTF-Sample-Assets repository; unmodified	none (file as published)	https://raw.githubusercontent.com/KhronosGroup/glTF-Sample-Assets/main/Models/BoxAnimated/glTF/BoxAnimated.gltf	file as published		JSON text data
27-game-assets/meshes/BoxAnimated/glTF/BoxAnimated0.bin	9308	e976ed06d0fbb5b4e92a33ef264e78894cf9c8cdb8c5836e43ef92f4d968def4	27-game-assets_meshes-attribution.zip	CC-BY-4.0	BoxAnimated by Cesium (© 2017), licensed under CC BY 4.0 (https://creativecommons.org/licenses/by/4.0/); from the Khronos glTF-Sample-Assets repository; unmodified	none (file as published)	https://raw.githubusercontent.com/KhronosGroup/glTF-Sample-Assets/main/Models/BoxAnimated/glTF/BoxAnimated0.bin	file as published		glTF binary buffer (.bin)
27-game-assets/meshes/Fox/glTF-Binary/Fox.glb	162852	d97044e701822bac5a62696459b27d7b375aada5de8574ed4362edbba94771f7	27-game-assets_meshes-attribution.zip	CC-BY-4.0 (model part CC0-1.0)	Fox: model by PixelMannen (CC0 1.0); rigging and animation by tomkranis (© 2014, CC BY 4.0, https://creativecommons.org/licenses/by/4.0/); conversion to glTF by @AsoboStudio and @scurest (© 2017, CC BY 4.0); from the Khronos glTF-Sample-Assets repository; unmodified	none (file as published)	https://raw.githubusercontent.com/KhronosGroup/glTF-Sample-Assets/main/Models/Fox/glTF-Binary/Fox.glb	file as published		glTF binary model, version 2, length 162852 bytes
27-game-assets/meshes/Fox/glTF/Fox.bin	119904	c7d0d8de28a84d5b25623037f88e063e1502495a2ee6c55f182c61161ad12f80	27-game-assets_meshes-attribution.zip	CC-BY-4.0 (model part CC0-1.0)	Fox: model by PixelMannen (CC0 1.0); rigging and animation by tomkranis (© 2014, CC BY 4.0, https://creativecommons.org/licenses/by/4.0/); conversion to glTF by @AsoboStudio and @scurest (© 2017, CC BY 4.0); from the Khronos glTF-Sample-Assets repository; unmodified	none (file as published)	https://raw.githubusercontent.com/KhronosGroup/glTF-Sample-Assets/main/Models/Fox/glTF/Fox.bin	file as published		data
27-game-assets/meshes/Fox/glTF/Fox.gltf	45064	6ddcabf511c0257b87dedf6ac51f1bdb6f21e570eee5fa7c4fa6162d055cb002	27-game-assets_meshes-attribution.zip	CC-BY-4.0 (model part CC0-1.0)	Fox: model by PixelMannen (CC0 1.0); rigging and animation by tomkranis (© 2014, CC BY 4.0, https://creativecommons.org/licenses/by/4.0/); conversion to glTF by @AsoboStudio and @scurest (© 2017, CC BY 4.0); from the Khronos glTF-Sample-Assets repository; unmodified	none (file as published)	https://raw.githubusercontent.com/KhronosGroup/glTF-Sample-Assets/main/Models/Fox/glTF/Fox.gltf	file as published		JSON text data
27-game-assets/meshes/RiggedFigure/glTF-Binary/RiggedFigure.glb	50116	d6be85417d3e256861ee733eea6916093a7af7c79c16366181fd8abcaeb38cf5	27-game-assets_meshes-attribution.zip	CC-BY-4.0	RiggedFigure by Cesium (© 2017), licensed under CC BY 4.0 (https://creativecommons.org/licenses/by/4.0/); from the Khronos glTF-Sample-Assets repository; unmodified	none (file as published)	https://raw.githubusercontent.com/KhronosGroup/glTF-Sample-Assets/main/Models/RiggedFigure/glTF-Binary/RiggedFigure.glb	file as published		glTF binary model, version 2, length 50116 bytes
27-game-assets/meshes/RiggedFigure/glTF-Draco/RiggedFigure.gltf	50939	25039daae7c4cd7394b39180341fd2519af82d6ac6ca2e8bec737cb9866b6d69	27-game-assets_meshes-attribution.zip	CC-BY-4.0	RiggedFigure by Cesium (© 2017), licensed under CC BY 4.0 (https://creativecommons.org/licenses/by/4.0/); from the Khronos glTF-Sample-Assets repository; unmodified	none (file as published)	https://raw.githubusercontent.com/KhronosGroup/glTF-Sample-Assets/main/Models/RiggedFigure/glTF-Draco/RiggedFigure.gltf	file as published		JSON text data
27-game-assets/meshes/RiggedFigure/glTF-Draco/RiggedFigure0.bin	6172	ef8c02bf4d186b058d21d5615bd133e75ec5be46f23cc4943d2543d745ede5cb	27-game-assets_meshes-attribution.zip	CC-BY-4.0	RiggedFigure by Cesium (© 2017), licensed under CC BY 4.0 (https://creativecommons.org/licenses/by/4.0/); from the Khronos glTF-Sample-Assets repository; unmodified	none (file as published)	https://raw.githubusercontent.com/KhronosGroup/glTF-Sample-Assets/main/Models/RiggedFigure/glTF-Draco/RiggedFigure0.bin	file as published		data
27-game-assets/meshes/RiggedFigure/glTF-Embedded/RiggedFigure.gltf	99902	354572cfef17b136b437ac9749da0fa316fd6e42ee7d62fe50a696b25f5047e9	27-game-assets_meshes-attribution.zip	CC-BY-4.0	RiggedFigure by Cesium (© 2017), licensed under CC BY 4.0 (https://creativecommons.org/licenses/by/4.0/); from the Khronos glTF-Sample-Assets repository; unmodified	none (file as published)	https://raw.githubusercontent.com/KhronosGroup/glTF-Sample-Assets/main/Models/RiggedFigure/glTF-Embedded/RiggedFigure.gltf	file as published		JSON text data
27-game-assets/meshes/RiggedFigure/glTF/RiggedFigure.gltf	70302	ca84ebbf6084d755ff7ac81b3b7c8bc388da68c8aa4b2cf236503b07d3858cc6	27-game-assets_meshes-attribution.zip	CC-BY-4.0	RiggedFigure by Cesium (© 2017), licensed under CC BY 4.0 (https://creativecommons.org/licenses/by/4.0/); from the Khronos glTF-Sample-Assets repository; unmodified	none (file as published)	https://raw.githubusercontent.com/KhronosGroup/glTF-Sample-Assets/main/Models/RiggedFigure/glTF/RiggedFigure.gltf	file as published		JSON text data
27-game-assets/meshes/RiggedFigure/glTF/RiggedFigure0.bin	22184	28baa193dbc2f8bfad9cb8c13ae16191c592725ea3b2b22b7f05ab701618ce27	27-game-assets_meshes-attribution.zip	CC-BY-4.0	RiggedFigure by Cesium (© 2017), licensed under CC BY 4.0 (https://creativecommons.org/licenses/by/4.0/); from the Khronos glTF-Sample-Assets repository; unmodified	none (file as published)	https://raw.githubusercontent.com/KhronosGroup/glTF-Sample-Assets/main/Models/RiggedFigure/glTF/RiggedFigure0.bin	file as published		data
